/*
 Navicat MySQL Data Transfer

 Source Server         : aiop
 Source Server Type    : MySQL
 Source Server Version : 50720
 Source Host           : 10.109.246.35
 Source Database       : aiop

 Target Server Type    : MySQL
 Target Server Version : 50720
 File Encoding         : utf-8

 Date: 01/16/2018 16:09:19 PM
*/

SET NAMES utf8;
SET FOREIGN_KEY_CHECKS = 0;

-- ----------------------------
--  Table structure for `ability`
-- ----------------------------
DROP TABLE IF EXISTS `ability`;
CREATE TABLE `ability` (
  `id` int(11) NOT NULL AUTO_INCREMENT,
  `zh_name` varchar(255) DEFAULT NULL,
  `en_name` varchar(255) DEFAULT NULL,
  `type` varchar(255) DEFAULT NULL COMMENT '基础算法/模型算法',
  `model_id` int(11) DEFAULT NULL,
  `invoke_limit` int(11) DEFAULT NULL COMMENT '默认调用量限制',
  `qps_limit` int(11) DEFAULT NULL COMMENT '默认调用量限制',
  `restapi_url` varchar(255) DEFAULT NULL,
  `doc_url` varchar(255) DEFAULT NULL,
  `description` varchar(255) DEFAULT NULL,
  `version` varchar(255) DEFAULT NULL,
  `create_date` date DEFAULT NULL,
  `update_date` date DEFAULT NULL,
  PRIMARY KEY (`id`),
  KEY `model_id` (`model_id`),
  CONSTRAINT `ability:model_id` FOREIGN KEY (`model_id`) REFERENCES `model` (`id`) ON DELETE SET NULL
) ENGINE=InnoDB AUTO_INCREMENT=21 DEFAULT CHARSET=utf8;

-- ----------------------------
--  Records of `ability`
-- ----------------------------
BEGIN;
INSERT INTO `ability` VALUES ('1', '中文分词', 'word_seg', '基础算法', null, '10000', '50', 'http://aiop.bupt.com/restapi/nlp/v1/word_seg', '/instruction/word-seg', '分词接口提供基本词和混排两种粒度的分词结果，基本词粒度较小，适用于搜索引擎等需要更多召回的任务，而混排粒度倾向于保留更多的短语。', 'v1', '2017-12-20', '2018-01-06'), ('2', '词性标注', 'word_pos', '基础算法', null, '10000', '50', 'http://aiop.bupt.com/restapi/nlp/v1/word_pos', '/instruction/word-pos', '为分词结果中的每个单词标注词性，包括名词、动词、形容词或其他词性。', 'v1,v2', '2017-12-20', '2018-01-16'), ('3', '命名实体识别', 'word_ner', '基础算法', null, '10000', '50', 'http://aiop.bupt.com/restapi/nlp/v1/word_ner', '/instruction/word-ner', '识别文本中具有特定意义的实体，主要包括人名、地名、机构名、专有名词等。', 'v1', '2018-01-04', '2018-01-04'), ('4', '依存句法分析', 'dependency_parse', '基础算法', null, '10000', '50', 'http://aiop.bupt.com/restapi/nlp/v1/dependency_parse', '/instruction/dependency-parse', '依存句法分析接口可自动分析文本中的依存句法结构信息，利用句子中词与词之间的依存关系来表示词语的句法结构信息（如“主谓”、“动宾”、“定中”等结构关系），并用树状结构来表示整句的结构（如“主谓宾”、“定状补”等）。', 'v1', '2018-01-05', '2018-01-06'), ('5', '关键词提取', 'text_keywords', '基础算法', null, '10000', '50', 'http://aiop.bupt.com/restapi/nlp/v1/text_keywords', '/instruction/text-keywords', '提取出若干个代表输入文本语义内容的词汇或短语。', 'v1', '2018-01-05', '2018-01-05'), ('6', '摘要提取', 'text_summaries', '基础算法', null, '10000', '50', 'http://aiop.bupt.com/restapi/nlp/v1/text_summaries', '/instruction/text-summaries', '从原始文档集中抽取一些具有代表性的文本片段构成摘要。', 'v1', '2018-01-05', '2018-01-05'), ('7', '句子短语提取', 'text_phrases', '基础算法', null, '10000', '50', 'http://aiop.bupt.com/restapi/nlp/v1/text_phrases', '/instruction/text-phrases', '提取句子中的若干关键短语。', 'v1', '2018-01-05', '2018-01-05'), ('8', '词向量生成', 'word_2_vec', '模型算法', '1', '10000', '50', 'http://aiop.bupt.com/restapi/nlp/v1/word_2_vec', '/instruction/word-2-vec', '查询词汇的词向量，实现文本的可计算。', 'v1', '2017-12-21', '2018-01-09'), ('9', '汉字转拼音', 'word_2_pinyin', '基础算法', null, '10000', '50', 'http://aiop.bupt.com/restapi/nlp/v1/word_2_pinyin', '/instruction/word-2-pinyin', '将原始汉字文本逐字转换成拼音表示。', 'v1', '2018-01-01', '2018-01-18'), ('10', '简体转繁体', 'simplified_2_traditional', '基础算法', null, '10000', '50', 'http://aiop.bupt.com/restapi/nlp/v1/simplified_2_traditional', '/instruction/simplified-2-traditional', '将原始简体文本逐字转换成繁体表示。', 'v1', '2017-12-13', '2018-01-18'), ('11', '繁体转简体', 'traditional_2_simplified', '基础算法', null, '10000', '50', 'http://aiop.bupt.com/restapi/nlp/v1/traditional_2_simplified', '/instruction/traditional-2-simplified', '将原始繁体文本逐字转换成简体表示。', 'v1', '2017-12-09', '2018-01-11'), ('12', '短文本相似度计算', 'word_sim', '模型算法', '1', '10000', '50', 'http://aiop.bupt.com/restapi/nlp/v1/word_sim', '/instruction/word-sim', '判断两个短文本的相似度得分。', 'v1', '2018-01-09', '2018-01-17'), ('13', '文档相似度计算', 'document_sim', '模型算法', '1', '10000', '50', 'http://aiop.bupt.com/restapi/nlp/v1/document_sim\n', '/instruction/document-sim', '判断两个文档的相似度得分。', 'v1', '2017-12-22', '2018-01-18'), ('14', '最相似短文本', 'nearest_words', '模型算法', '1', '10000', '50', 'http://aiop.bupt.com/restapi/nlp/v1/nearest_words', '/instruction/nearest-words', '选出词库中与输入词汇最相似的若干个词汇，按照相似度得分从高至低排列。', 'v1', '2017-12-14', '2018-01-11'), ('15', '情感倾向分析', 'motion_classify', '模型算法', '2', '10000', '50', 'http://aiop.bupt.com/restapi/nlp/v1/motion_classify', '/instruction/motion-classify', '对包含主观观点信息的文本进行情感极性类别（积极、消极、中性）的判断，并给出相应的置信度。', 'v1', '2017-11-16', '2018-01-06'), ('16', '文本分类', 'category_classify', '模型算法', '3', '10000', '50', 'http://aiop.bupt.com/restapi/nlp/v1/category_classify', '/instruction/category-classify', '将输入文本按照不同领域进行归类（包括：科技、人文、娱乐、历史等类别）。', 'v1', '2017-12-11', '2018-01-06'), ('17', '文本推荐', 'text_suggester', '基础算法', null, '10000', '50', 'http://aiop.bupt.com/restapi/nlp/v1/text_suggester', '/instruction/text-suggester', '从给定的一系列句子中对比出与输入句子最相似的句子。', 'v1', '2018-01-16', '2018-01-16'), ('18', '词性标注-机构名优先', 'word_pos_organization', '基础算法', null, '10000', '50', 'http://aiop.bupt.com/restapi/nlp/v1/word_pos_organization', '/instruction/word-pos', '按照机构名优先的策略为分词结果中的每个单词标注词性，包括名词、动词、形容词或其他词性。', 'v1', '2018-01-16', '2018-01-16'), ('19', '词性标注-地名优先', 'word_pos_place', '基础算法', null, '10000', '50', 'http://aiop.bupt.com/restapi/nlp/v1/word_pos_place', '/instruction/word-pos', '按照地名优先的策略为分词结果中的每个单词标注词性，包括名词、动词、形容词或其他词性。', 'v1', '2018-01-16', '2018-01-16'), ('20', '词性标注-日本人名优先', 'word_pos_japanese', '基础算法', null, '10000', '50', 'http://aiop.bupt.com/restapi/nlp/v1/word_pos_japanese', '/instruction/word-pos', '按照日本人名优先的策略为分词结果中的每个单词标注词性，包括名词、动词、形容词或其他词性。', 'v1', '2018-01-16', '2018-01-16');
COMMIT;

-- ----------------------------
--  Table structure for `ability_invoke_log`
-- ----------------------------
DROP TABLE IF EXISTS `ability_invoke_log`;
CREATE TABLE `ability_invoke_log` (
  `id` bigint(20) NOT NULL AUTO_INCREMENT,
  `app_id` int(11) DEFAULT NULL,
  `ability_id` int(11) DEFAULT NULL,
  `invoke_result` varchar(255) DEFAULT NULL COMMENT '调用成功/失败',
  `invoke_result_reason` varchar(255) DEFAULT NULL,
  `invoke_time` datetime DEFAULT NULL COMMENT '调用时间',
  PRIMARY KEY (`id`),
  KEY `app_id` (`app_id`),
  KEY `ability_id` (`ability_id`),
  CONSTRAINT `ability_invoke_log:ability_id` FOREIGN KEY (`ability_id`) REFERENCES `ability` (`id`) ON DELETE CASCADE,
  CONSTRAINT `ability_invoke_log:app_id` FOREIGN KEY (`app_id`) REFERENCES `app` (`id`) ON DELETE CASCADE
) ENGINE=InnoDB AUTO_INCREMENT=169 DEFAULT CHARSET=utf8;

-- ----------------------------
--  Records of `ability_invoke_log`
-- ----------------------------
BEGIN;
INSERT INTO `ability_invoke_log` VALUES ('1', '2', '5', '调用成功', '', '2018-01-15 10:59:01'), ('2', '2', '5', '调用成功', '', '2018-01-12 10:59:10'), ('3', '2', '5', '调用成功', '', '2018-01-11 10:59:13'), ('4', '1', '5', '调用失败', 'invalid param', '2018-01-11 10:59:45'), ('5', '1', '5', '调用失败', 'invalid param', '2018-01-15 10:59:50'), ('6', '1', '5', '调用失败', 'invalid param', '2018-01-12 10:59:51'), ('7', '1', '5', '调用失败', 'invalid param', '2018-01-11 10:59:51'), ('8', '1', '5', '调用失败', 'empty param', '2018-01-14 10:59:56'), ('9', '1', '5', '调用失败', 'empty param', '2018-01-12 10:59:58'), ('10', '1', '5', '调用失败', 'empty param', '2018-01-10 10:59:59'), ('11', '1', '5', '调用失败', 'empty param', '2018-01-15 10:59:59'), ('12', '1', '5', '调用失败', 'empty param', '2018-01-13 10:59:59'), ('13', '1', '5', '调用失败', 'empty param', '2018-01-15 11:00:00'), ('14', '1', '5', '调用失败', 'empty param', '2018-01-13 11:00:00'), ('15', '1', '5', '调用失败', 'empty param', '2018-01-13 11:00:00'), ('16', '1', '5', '调用失败', 'empty param', '2018-01-15 11:00:01'), ('17', '1', '2', '调用失败', 'empty param', '2018-01-12 11:06:12'), ('18', '1', '2', '调用失败', 'empty param', '2018-01-12 11:06:18'), ('19', '1', '2', '调用失败', 'empty param', '2018-01-15 11:06:18'), ('20', '1', '2', '调用成功', '', '2018-01-14 11:06:23'), ('21', '1', '2', '调用成功', '', '2018-01-15 11:06:23'), ('22', '1', '2', '调用成功', '', '2018-01-14 11:06:23'), ('23', '1', '1', '调用成功', '', '2018-01-12 11:06:58'), ('24', '1', '1', '调用成功', '', '2018-01-15 11:06:58'), ('25', '1', '1', '调用成功', '', '2018-01-14 11:06:59'), ('26', '1', '1', '调用成功', '', '2018-01-15 11:06:59'), ('27', '1', '1', '调用失败', 'empty param', '2018-01-14 11:07:07'), ('28', '1', '1', '调用失败', 'empty param', '2018-01-14 11:07:07'), ('29', '1', '1', '调用成功', '', '2018-01-15 11:07:10'), ('30', '1', '1', '调用失败', 'invalid param', '2018-01-14 11:07:15'), ('31', '1', '1', '调用失败', 'invalid param', '2018-01-15 11:07:16'), ('32', '1', '1', '调用失败', 'invalid param', '2018-01-15 11:07:16'), ('33', '1', '16', '调用失败', 'invalid param', '2018-01-14 11:07:30'), ('34', '1', '16', '调用失败', 'invalid param', '2018-01-12 11:07:30'), ('35', '1', '16', '调用失败', 'invalid param', '2018-01-10 11:07:31'), ('36', '1', '16', '调用失败', 'empty param', '2018-01-11 11:07:34'), ('37', '1', '16', '调用失败', 'empty param', '2018-01-13 11:07:34'), ('38', '1', '16', '调用成功', '', '2018-01-15 11:07:38'), ('39', '1', '16', '调用成功', '', '2018-01-12 11:07:39'), ('40', '1', '16', '调用成功', '', '2018-01-12 11:07:39'), ('41', '1', '16', '调用成功', '', '2018-01-15 11:07:40'), ('42', '2', '6', '调用成功', '', '2018-01-15 11:08:23'), ('43', '2', '6', '调用成功', '', '2018-01-11 11:08:23'), ('44', '2', '6', '调用成功', '', '2018-01-15 11:08:24'), ('45', '2', '6', '调用成功', '', '2018-01-12 11:08:24'), ('46', '2', '14', '调用成功', '', '2018-01-15 11:08:36'), ('47', '2', '14', '调用成功', '', '2018-01-12 11:08:36'), ('48', '2', '14', '调用成功', '', '2018-01-13 11:08:36'), ('49', '2', '16', '调用成功', '', '2018-01-11 11:11:31'), ('50', '2', '16', '调用失败', 'empty param', '2018-01-15 11:11:43'), ('51', '2', '16', '调用失败', 'empty param', '2018-01-15 11:11:43'), ('52', '2', '16', '调用失败', 'empty param', '2018-01-15 11:11:43'), ('53', '2', '16', '调用失败', 'invalid param', '2018-01-13 11:11:51'), ('54', '2', '16', '调用失败', 'invalid param', '2018-01-15 11:11:51'), ('55', '2', '16', '调用失败', 'invalid param', '2018-01-14 11:11:52'), ('56', '2', '16', '调用失败', 'invalid param', '2018-01-15 11:11:52'), ('57', '3', '16', '调用失败', 'invalid param', '2018-01-15 11:13:00'), ('58', '3', '16', '调用失败', 'invalid param', '2018-01-10 11:13:00'), ('59', '3', '16', '调用失败', 'invalid param', '2018-01-15 11:13:01'), ('60', '3', '16', '调用成功', '', '2018-01-10 11:13:28'), ('61', '3', '16', '调用成功', '', '2018-01-11 11:13:28'), ('62', '3', '16', '调用成功', '', '2018-01-10 11:13:29'), ('63', '3', '16', '调用成功', '', '2018-01-15 11:13:30'), ('64', '3', '16', '调用成功', '', '2018-01-12 11:13:31'), ('65', '3', '16', '调用失败', 'invalid param', '2018-01-15 11:13:35'), ('66', '3', '16', '调用失败', 'invalid param', '2018-01-15 11:13:35'), ('67', '3', '16', '调用失败', 'invalid param', '2018-01-15 11:13:36'), ('68', '3', '16', '调用失败', 'invalid param', '2018-01-13 11:13:36'), ('69', '3', '16', '调用失败', 'invalid param', '2018-01-13 11:13:36'), ('70', '3', '16', '调用失败', 'invalid param', '2018-01-12 11:13:37'), ('71', '3', '16', '调用失败', 'empty param', '2018-01-15 11:13:51'), ('72', '3', '16', '调用失败', 'empty param', '2018-01-14 11:13:51'), ('73', '3', '16', '调用失败', 'empty param', '2018-01-15 11:13:52'), ('74', '1', '3', '调用失败', 'invalid param', '2018-01-16 09:18:52'), ('75', '1', '3', '调用成功', '', '2018-01-16 09:19:43'), ('76', '1', '3', '调用成功', '', '2018-01-16 09:20:20'), ('77', '1', '13', '调用成功', '', '2018-01-16 09:35:38'), ('78', '1', '13', '调用成功', '', '2018-01-16 09:35:51'), ('79', '1', '13', '调用成功', '', '2018-01-16 09:35:56'), ('80', '1', '13', '调用成功', '', '2018-01-16 09:36:02'), ('81', '1', '13', '调用成功', '', '2018-01-16 09:36:10'), ('82', '1', '13', '调用成功', '', '2018-01-16 09:36:15'), ('83', '1', '13', '调用成功', '', '2018-01-16 09:36:24'), ('84', '1', '13', '调用成功', '', '2018-01-16 09:36:28'), ('85', '1', '13', '调用成功', '', '2018-01-16 09:41:56'), ('86', '1', '4', '调用失败', 'internal error', '2018-01-16 10:09:41'), ('87', '1', '4', '调用成功', '', '2018-01-16 10:11:30'), ('88', '1', '4', '调用成功', '', '2018-01-16 10:11:44'), ('89', '1', '4', '调用成功', '', '2018-01-16 10:11:48'), ('90', '1', '1', '调用成功', '', '2018-01-16 10:13:29'), ('91', '1', '1', '调用成功', '', '2018-01-16 10:21:32'), ('92', '1', '1', '调用成功', '', '2018-01-16 10:43:08'), ('93', '1', '1', '调用成功', '', '2018-01-16 10:45:57'), ('94', '1', '2', '调用失败', 'internal error', '2018-01-16 10:46:32'), ('95', '1', '2', '调用成功', '', '2018-01-16 10:46:36'), ('96', '1', '1', '调用成功', '', '2018-01-16 10:46:49'), ('97', '1', '1', '调用成功', '', '2018-01-16 10:52:36'), ('98', '1', '1', '调用失败', 'internal error', '2018-01-16 10:55:56'), ('99', '1', '1', '调用成功', '', '2018-01-16 10:56:26'), ('100', '1', '1', '调用成功', '', '2018-01-16 11:15:57'), ('101', '1', '1', '调用成功', '', '2018-01-16 11:15:59'), ('102', '1', '20', '调用成功', '', '2018-01-16 11:22:38'), ('103', '1', '19', '调用成功', '', '2018-01-16 11:39:26'), ('104', '1', '18', '调用成功', '', '2018-01-16 11:39:50'), ('105', '1', '17', '调用成功', '', '2018-01-16 11:40:16'), ('106', '1', '17', '调用成功', '', '2018-01-16 11:40:50'), ('107', '1', '17', '调用成功', '', '2018-01-16 11:41:01'), ('108', '1', '17', '调用成功', '', '2018-01-16 13:30:51'), ('109', '1', '17', '调用成功', '', '2018-01-16 13:33:14'), ('110', '1', '17', '调用成功', '', '2018-01-16 13:34:49'), ('111', '1', '17', '调用成功', '', '2018-01-16 13:36:17'), ('112', '1', '17', '调用成功', '', '2018-01-16 13:36:28'), ('113', '1', '17', '调用成功', '', '2018-01-16 13:25:45'), ('114', '1', '3', '调用成功', '', '2018-01-16 13:26:09'), ('115', '1', '17', '调用失败', 'internal error', '2018-01-16 13:30:32'), ('116', '1', '17', '调用失败', 'internal error', '2018-01-16 13:30:35'), ('117', '1', '17', '调用失败', 'internal error', '2018-01-16 13:30:35'), ('118', '1', '3', '调用成功', '', '2018-01-16 13:31:50'), ('119', '1', '1', '调用成功', '', '2018-01-16 13:37:03'), ('120', '1', '3', '调用成功', '', '2018-01-16 13:37:25'), ('121', '1', '1', '调用成功', '', '2018-01-16 13:51:07'), ('122', '1', '3', '调用成功', '', '2018-01-16 14:00:26'), ('123', '1', '3', '调用失败', 'internal error', '2018-01-16 14:06:32'), ('124', '1', '3', '调用失败', 'internal error', '2018-01-16 14:06:37'), ('125', '1', '3', '调用成功', '', '2018-01-16 14:06:47'), ('126', '1', '3', '调用成功', '', '2018-01-16 14:07:12'), ('127', '1', '3', '调用成功', '', '2018-01-16 14:08:09'), ('128', '1', '3', '调用失败', 'internal error', '2018-01-16 14:15:54'), ('129', '1', '3', '调用成功', '', '2018-01-16 14:16:03'), ('130', '1', '3', '调用成功', '', '2018-01-16 14:24:52'), ('131', '1', '3', '调用失败', 'internal error', '2018-01-16 14:25:17'), ('132', '1', '3', '调用成功', '', '2018-01-16 14:25:22'), ('133', '1', '3', '调用成功', '', '2018-01-16 14:25:34'), ('134', '1', '3', '调用成功', '', '2018-01-16 14:25:39'), ('135', '1', '3', '调用成功', '', '2018-01-16 14:25:43'), ('136', '1', '3', '调用成功', '', '2018-01-16 14:25:49'), ('137', '1', '3', '调用成功', '', '2018-01-16 14:25:53'), ('138', '1', '4', '调用成功', '', '2018-01-16 14:31:37'), ('139', '1', '13', '调用成功', '', '2018-01-16 14:43:59'), ('140', '1', '17', '调用成功', '', '2018-01-16 15:00:56'), ('141', '1', '17', '调用成功', '', '2018-01-16 15:05:51'), ('142', '1', '1', '调用成功', '', '2018-01-16 15:19:10'), ('143', '1', '2', '调用成功', '', '2018-01-16 15:19:16'), ('144', '1', '2', '调用成功', '', '2018-01-16 15:19:19'), ('145', '1', '5', '调用成功', '', '2018-01-16 15:19:39'), ('146', '1', '5', '调用成功', '', '2018-01-16 15:19:52'), ('147', '1', '5', '调用成功', '', '2018-01-16 15:19:55'), ('148', '1', '6', '调用成功', '', '2018-01-16 15:20:03'), ('149', '1', '7', '调用成功', '', '2018-01-16 15:20:07'), ('150', '1', '8', '调用成功', '', '2018-01-16 15:20:16'), ('151', '1', '9', '调用成功', '', '2018-01-16 15:20:23'), ('152', '1', '10', '调用成功', '', '2018-01-16 15:20:27'), ('153', '1', '12', '调用成功', '', '2018-01-16 15:20:39'), ('154', '1', '13', '调用成功', '', '2018-01-16 15:20:54'), ('155', '1', '14', '调用成功', '', '2018-01-16 15:21:16'), ('156', '1', '15', '调用成功', '', '2018-01-16 15:21:21'), ('157', '1', '16', '调用成功', '', '2018-01-16 15:21:33'), ('158', '1', '16', '调用成功', '', '2018-01-16 15:21:36'), ('159', '1', '13', '调用成功', '', '2018-01-16 15:28:53'), ('160', '1', '1', '调用成功', '', '2018-01-16 15:30:29'), ('161', '1', '3', '调用成功', '', '2018-01-16 15:37:17'), ('162', '1', '3', '调用成功', '', '2018-01-16 15:37:26'), ('163', '1', '4', '调用成功', '', '2018-01-16 15:37:42'), ('164', '1', '4', '调用成功', '', '2018-01-16 15:37:52'), ('165', '1', '5', '调用成功', '', '2018-01-16 15:43:55'), ('166', '1', '17', '调用成功', '', '2018-01-16 15:46:33'), ('167', '1', '17', '调用成功', '', '2018-01-16 15:46:41'), ('168', '1', '17', '调用成功', '', '2018-01-16 15:46:56');
COMMIT;

-- ----------------------------
--  Table structure for `app`
-- ----------------------------
DROP TABLE IF EXISTS `app`;
CREATE TABLE `app` (
  `id` int(11) NOT NULL AUTO_INCREMENT,
  `developer_id` int(11) DEFAULT NULL,
  `name` varchar(255) DEFAULT NULL COMMENT '应用名称',
  `type` varchar(255) DEFAULT NULL COMMENT '应用类型',
  `platform` varchar(255) DEFAULT NULL COMMENT '应用平台',
  `client_id` varchar(255) DEFAULT NULL,
  `client_secret` varchar(255) DEFAULT NULL,
  `ability_scope` varchar(1000) DEFAULT NULL,
  `description` varchar(255) DEFAULT NULL,
  `status` varchar(255) DEFAULT NULL COMMENT '状态（已上线、运行中、关闭、异常）',
  `logo_file` varchar(255) DEFAULT NULL COMMENT '应用图标',
  `create_date` date DEFAULT NULL,
  `update_date` date DEFAULT NULL,
  PRIMARY KEY (`id`),
  KEY `developer_id` (`developer_id`),
  CONSTRAINT `app:developer_id` FOREIGN KEY (`developer_id`) REFERENCES `user` (`id`) ON DELETE CASCADE
) ENGINE=InnoDB AUTO_INCREMENT=9 DEFAULT CHARSET=utf8;

-- ----------------------------
--  Records of `app`
-- ----------------------------
BEGIN;
INSERT INTO `app` VALUES ('1', '3', '意绘', '工具应用', 'Android', '167365256a756f8c26d3c458', '76d0ba8bb5d84ae68e9efb7c2bdadf86', 'word_seg,word_pos,word_ner,dependency_parse,text_keywords,text_summaries,text_phrases,word_2_vec,word_2_pinyin,simplified_2_traditional,traditional_2_simplified,word_sim,document_sim,nearest_words,motion_classify,category_classify,word_pos_japanese,word_pos_place,word_pos_organization,text_suggester', '一款基于Android平台的便于单手持握使用的绘图软件，为手臂有功能障碍的残障人士提供了绘图便利。', '已上线', '1.png', '2018-01-09', '2018-01-10'), ('2', '3', '心情笔记', '聊天社交', 'iOS', '9d7b76ad76f39d2416305d50', '6c4d7c52b1554bf4baa92f14d1c2f1fd', 'word_seg,dependency_parse,text_keywords,text_phrases,word_2_vec,simplified_2_traditional,traditional_2_simplified,word_sim,document_sim,nearest_words,motion_classify,category_classify,word_pos,word_ner,text_summaries,word_2_pinyin', '这是一款有助于改善使用者心情的APP，对抑郁症患者更是起到了指导性作用。使用者只需自然地记录每天的所感所想，系统可以对这些文本进行分析得出抑郁倾向、心情评分等结果，并给出改善建议或推送具有正能量的文章等。\n', '异常', '2.jpeg', '2018-01-09', '2018-01-10'), ('3', '3', '个性化推荐新闻APP', '其它', 'Android', 'f7714c2e004b75fd531468af', '589b6d2f0b0d4ac8b863e3c5358cb216', 'word_seg,word_pos,dependency_parse,text_keywords,text_phrases,word_2_pinyin,word_sim,document_sim,motion_classify,category_classify', '这是一款可以根据用户的搜索内容（包括文本、图像、语音、视频）进行个性化推荐新闻的APP。另外，它还可以根据新闻下的评论进行舆情分析，得到新闻的价值曲线，如在某一时期房价的走势，从而给出相应的推送。', '运行中', '3.jpg', '2018-01-09', '2018-01-10'), ('4', '3', '大学评价系统', '工具应用', 'Web', 'bdf474f054d0c2462c3822ce', 'eec7e588cf0a4976a5e11cfb3be579b7', 'word_seg,word_pos,word_ner,text_keywords,text_summaries,word_2_vec,word_2_pinyin,simplified_2_traditional,traditional_2_simplified,word_sim,document_sim,nearest_words,motion_classify,category_classify', '通过收集与大学相关的资料与新闻、以及知乎、各高校论坛等渠道中的信息，根据用户评价做情感分析，对大学作出评分，通过用户输入的个人意向信息（分数、城市偏好、专业偏好、毕业去向、食宿要求等），为用户推荐相应的大学；在各大学下设立评论区和问答区，并根据用户评论的语义分析调整评分。', '关闭', '4.svg', '2018-01-09', '2018-01-11'), ('5', '3', '物流配送系统', '交通出行', 'Web', '64956f2570b4aeb1c38b085e', 'f8eefd6b49dc42f4bc64864b1ef9109c', 'word_seg,word_pos,word_ner,dependency_parse,text_keywords,text_summaries,text_phrases,word_2_vec,word_2_pinyin,simplified_2_traditional,traditional_2_simplified,word_sim,document_sim,nearest_words,motion_classify,category_classify', '帮助火车司机智能规划最优配送路线的Web系统。', '关闭', '5.svg', '2018-01-10', '2018-01-10'), ('6', '3', '网上书店', '工具应用', 'Web', '445aef2c6a6ed87eb46e8247', 'e060f6c04fd549e7beb67478e0c559ca', 'word_seg,word_pos,word_ner,dependency_parse,text_summaries,text_phrases,word_2_vec,simplified_2_traditional,traditional_2_simplified,word_sim,document_sim,motion_classify,category_classify', '方便卖家和买家在线交易书籍的网上书城。', '关闭', '6.svg', '2018-01-11', '2018-01-11'), ('7', '3', '舆情分析平台', '工具应用', 'Web', 'e30dfc3bf05c301689aa8674', '0ad644d5f8f747f3bbc11222dbea996a', 'word_seg,word_pos,word_ner,dependency_parse,text_keywords,text_summaries,text_phrases,word_2_vec,word_2_pinyin,simplified_2_traditional,traditional_2_simplified,word_sim,document_sim,nearest_words,motion_classify,category_classify', '对当前热点舆论问题进行分析、监控、预测的智能平台。', '关闭', '7.svg', '2018-01-11', '2018-01-11'), ('8', '10', '智能问答辅助软件', '工具应用', 'Android', 'ee6f96c00238c380f9a59a10', '0dae27f3b93f48488d869e6a87b86351', 'word_seg,word_pos,word_ner,dependency_parse,text_keywords,text_summaries,text_phrases,word_2_vec,word_2_pinyin,simplified_2_traditional,traditional_2_simplified,word_sim,document_sim,nearest_words,motion_classify,category_classify', '一款基于移动端的智能问答软件，可以提供日常生活、导航路线等各方面的智能回答。', '关闭', 'default.png', '2018-01-11', '2018-01-11');
COMMIT;

-- ----------------------------
--  Table structure for `app_ability`
-- ----------------------------
DROP TABLE IF EXISTS `app_ability`;
CREATE TABLE `app_ability` (
  `id` int(11) NOT NULL AUTO_INCREMENT,
  `app_id` int(11) DEFAULT NULL,
  `ability_id` int(11) DEFAULT NULL,
  `status` varchar(255) DEFAULT NULL COMMENT '该app下的该ability状态(开放/关闭)',
  `invoke_limit` int(11) DEFAULT NULL COMMENT '调用量限制（100/天）',
  `qps_limit` int(11) DEFAULT NULL COMMENT 'QPS限制',
  PRIMARY KEY (`id`),
  KEY `app_id` (`app_id`),
  KEY `ability_id` (`ability_id`),
  CONSTRAINT `app_ability:ability_id` FOREIGN KEY (`ability_id`) REFERENCES `ability` (`id`) ON DELETE CASCADE,
  CONSTRAINT `app_ability:app_id` FOREIGN KEY (`app_id`) REFERENCES `app` (`id`) ON DELETE CASCADE
) ENGINE=InnoDB AUTO_INCREMENT=127 DEFAULT CHARSET=utf8;

-- ----------------------------
--  Records of `app_ability`
-- ----------------------------
BEGIN;
INSERT INTO `app_ability` VALUES ('1', '1', '1', '允许调用', '10000', '50'), ('2', '1', '2', '允许调用', '10000', '50'), ('3', '1', '3', '允许调用', '10000', '50'), ('4', '1', '4', '允许调用', '10000', '50'), ('5', '1', '5', '允许调用', '10000', '50'), ('6', '1', '6', '允许调用', '10000', '50'), ('7', '1', '7', '允许调用', '10000', '50'), ('8', '1', '8', '允许调用', '10000', '50'), ('9', '1', '9', '允许调用', '10000', '50'), ('10', '1', '10', '允许调用', '10000', '50'), ('11', '1', '11', '允许调用', '10000', '50'), ('12', '1', '12', '允许调用', '10000', '50'), ('13', '1', '13', '允许调用', '10000', '50'), ('14', '1', '14', '允许调用', '10000', '50'), ('15', '1', '15', '允许调用', '10000', '50'), ('16', '1', '16', '允许调用', '10000', '50'), ('17', '2', '1', '允许调用', '10000', '50'), ('18', '2', '4', '允许调用', '10000', '50'), ('19', '2', '5', '允许调用', '10000', '50'), ('20', '2', '7', '允许调用', '10000', '50'), ('21', '2', '8', '允许调用', '10000', '50'), ('22', '2', '10', '允许调用', '10000', '50'), ('23', '2', '11', '允许调用', '10000', '50'), ('24', '2', '12', '允许调用', '10000', '50'), ('25', '2', '13', '允许调用', '10000', '50'), ('26', '2', '14', '允许调用', '10000', '50'), ('27', '2', '15', '允许调用', '10000', '50'), ('28', '2', '16', '允许调用', '10000', '50'), ('29', '3', '1', '允许调用', '10000', '50'), ('30', '3', '2', '允许调用', '10000', '50'), ('31', '3', '4', '允许调用', '10000', '50'), ('32', '3', '5', '允许调用', '10000', '50'), ('33', '3', '7', '允许调用', '10000', '50'), ('34', '3', '9', '允许调用', '10000', '50'), ('35', '3', '12', '允许调用', '10000', '50'), ('36', '3', '13', '允许调用', '10000', '50'), ('37', '3', '15', '允许调用', '10000', '50'), ('38', '3', '16', '允许调用', '10000', '50'), ('39', '4', '1', '允许调用', '10000', '50'), ('40', '4', '2', '允许调用', '10000', '50'), ('41', '4', '3', '允许调用', '10000', '50'), ('42', '4', '5', '允许调用', '10000', '50'), ('43', '4', '6', '允许调用', '10000', '50'), ('44', '4', '8', '允许调用', '10000', '50'), ('45', '4', '9', '允许调用', '10000', '50'), ('46', '4', '10', '允许调用', '10000', '50'), ('47', '4', '11', '允许调用', '10000', '50'), ('48', '4', '12', '允许调用', '10000', '50'), ('49', '4', '13', '允许调用', '10000', '50'), ('50', '4', '14', '允许调用', '10000', '50'), ('51', '4', '15', '允许调用', '10000', '50'), ('52', '4', '16', '允许调用', '10000', '50'), ('53', '5', '1', '允许调用', '10000', '50'), ('54', '5', '2', '允许调用', '10000', '50'), ('55', '5', '3', '允许调用', '10000', '50'), ('56', '5', '4', '允许调用', '10000', '50'), ('57', '5', '5', '允许调用', '10000', '50'), ('58', '5', '6', '允许调用', '10000', '50'), ('59', '5', '7', '允许调用', '10000', '50'), ('60', '5', '8', '允许调用', '10000', '50'), ('61', '5', '9', '允许调用', '10000', '50'), ('62', '5', '10', '允许调用', '10000', '50'), ('63', '5', '11', '允许调用', '10000', '50'), ('64', '5', '12', '允许调用', '10000', '50'), ('65', '5', '13', '允许调用', '10000', '50'), ('66', '5', '14', '允许调用', '10000', '50'), ('67', '5', '15', '允许调用', '10000', '50'), ('68', '5', '16', '允许调用', '10000', '50'), ('69', '2', '2', '允许调用', '10000', '50'), ('70', '2', '3', '允许调用', '10000', '50'), ('71', '2', '6', '允许调用', '10000', '50'), ('72', '2', '9', '允许调用', '10000', '50'), ('73', '6', '1', '允许调用', '10000', '50'), ('74', '6', '2', '允许调用', '10000', '50'), ('75', '6', '3', '允许调用', '10000', '50'), ('76', '6', '4', '允许调用', '10000', '50'), ('77', '6', '6', '允许调用', '10000', '50'), ('78', '6', '7', '允许调用', '10000', '50'), ('79', '6', '8', '允许调用', '10000', '50'), ('80', '6', '10', '允许调用', '10000', '50'), ('81', '6', '11', '允许调用', '10000', '50'), ('82', '6', '12', '允许调用', '10000', '50'), ('83', '6', '13', '允许调用', '10000', '50'), ('84', '6', '15', '允许调用', '10000', '50'), ('85', '6', '16', '允许调用', '10000', '50'), ('86', '7', '1', '允许调用', '10000', '50'), ('87', '7', '2', '允许调用', '10000', '50'), ('88', '7', '3', '允许调用', '10000', '50'), ('89', '7', '4', '允许调用', '10000', '50'), ('90', '7', '5', '允许调用', '10000', '50'), ('91', '7', '6', '允许调用', '10000', '50'), ('92', '7', '7', '允许调用', '10000', '50'), ('93', '7', '8', '允许调用', '10000', '50'), ('94', '7', '9', '允许调用', '10000', '50'), ('95', '7', '10', '允许调用', '10000', '50'), ('96', '7', '11', '允许调用', '10000', '50'), ('97', '7', '12', '允许调用', '10000', '50'), ('98', '7', '13', '允许调用', '10000', '50'), ('99', '7', '14', '允许调用', '10000', '50'), ('100', '7', '15', '允许调用', '10000', '50'), ('101', '7', '16', '允许调用', '10000', '50'), ('102', '8', '1', '允许调用', '10000', '50'), ('103', '8', '2', '允许调用', '10000', '50'), ('104', '8', '3', '允许调用', '10000', '50'), ('105', '8', '4', '允许调用', '10000', '50'), ('106', '8', '5', '允许调用', '10000', '50'), ('107', '8', '6', '允许调用', '10000', '50'), ('108', '8', '7', '允许调用', '10000', '50'), ('109', '8', '8', '允许调用', '10000', '50'), ('110', '8', '9', '允许调用', '10000', '50'), ('111', '8', '10', '允许调用', '10000', '50'), ('112', '8', '11', '允许调用', '10000', '50'), ('113', '8', '12', '允许调用', '10000', '50'), ('114', '8', '13', '允许调用', '10000', '50'), ('115', '8', '14', '允许调用', '10000', '50'), ('116', '8', '15', '允许调用', '10000', '50'), ('117', '8', '16', '允许调用', '10000', '50'), ('118', '1', '20', '允许调用', '10000', '50'), ('123', '1', '19', '允许调用', '10000', '50'), ('125', '1', '18', '允许调用', '10000', '50'), ('126', '1', '17', '允许调用', '10000', '50');
COMMIT;

-- ----------------------------
--  Table structure for `model`
-- ----------------------------
DROP TABLE IF EXISTS `model`;
CREATE TABLE `model` (
  `id` int(11) NOT NULL AUTO_INCREMENT,
  `name` varchar(255) DEFAULT NULL,
  `file` varchar(255) DEFAULT NULL,
  `size` float DEFAULT NULL,
  `create_date` date DEFAULT NULL,
  `update_date` date DEFAULT NULL,
  PRIMARY KEY (`id`)
) ENGINE=InnoDB AUTO_INCREMENT=5 DEFAULT CHARSET=utf8;

-- ----------------------------
--  Records of `model`
-- ----------------------------
BEGIN;
INSERT INTO `model` VALUES ('1', '词向量模型', 'vec.model', '2.34838', '2018-01-05', '2018-01-07'), ('2', '情感倾向分析模型', 'motion.model', '0.674805', '2018-01-05', '2018-01-05'), ('3', '文本分类模型', 'category.model', '0.000657082', '2018-01-05', '2018-01-07'), ('4', '问答模型', 'qa.model', '0.0136013', '2018-01-08', '2018-01-10');
COMMIT;

-- ----------------------------
--  Table structure for `user`
-- ----------------------------
DROP TABLE IF EXISTS `user`;
CREATE TABLE `user` (
  `id` int(11) NOT NULL AUTO_INCREMENT,
  `username` varchar(255) DEFAULT NULL,
  `email` varchar(255) DEFAULT NULL COMMENT '邮箱',
  `mobile` varchar(255) DEFAULT NULL COMMENT '手机',
  `password` varchar(255) DEFAULT NULL,
  `role` varchar(255) DEFAULT NULL,
  `avatar_file` varchar(255) DEFAULT NULL,
  PRIMARY KEY (`id`)
) ENGINE=InnoDB AUTO_INCREMENT=11 DEFAULT CHARSET=utf8;

-- ----------------------------
--  Records of `user`
-- ----------------------------
BEGIN;
INSERT INTO `user` VALUES ('1', 'super_admin', 'ken19931108@163.com', '18899898988', '202cb962ac59075b964b07152d234b70', '超级管理员', 'default.png'), ('2', 'bussiness_admin', 'ken19931108@sina.com', '13980823993', '202cb962ac59075b964b07152d234b70', '业务管理员', 'default.png'), ('3', 'ken19931108', '690559724@qq.com', '18801176260', '202cb962ac59075b964b07152d234b70', '开发者', 'default.png'), ('4', 'log_admin', 'yaochenkun@sina.com', '15122707970', '202cb962ac59075b964b07152d234b70', '日志管理员', 'default.png'), ('5', 'yaochenkun', '514451926@qq.com', '18801176261', '202cb962ac59075b964b07152d234b70', '开发者', 'default.png'), ('6', 'yck19931108', '123123123@qq.com', '18788888888', '202cb962ac59075b964b07152d234b70', '开发者', 'default.png'), ('7', 'yaochenkun99', '9082309812@163.com', '18889999999', '202cb962ac59075b964b07152d234b70', '开发者', 'default.png'), ('8', 'hahahahahha', '123456@qq.com', '18899899999', '202cb962ac59075b964b07152d234b70', '开发者', 'default.png'), ('9', 'yycckk99', '69055224@qq.com', '18801778877', '202cb962ac59075b964b07152d234b70', '开发者', 'default.png'), ('10', 'yck1993', '690559725@qq.com', '18801176444', 'e10adc3949ba59abbe56e057f20f883e', '开发者', 'default.png');
COMMIT;

SET FOREIGN_KEY_CHECKS = 1;
